dataset,model,group,group_cn,n_samples,miou,dice,recall,precision,miou_vs_base_b
Leather,Base-B,small,小目标,67,0.5141,0.6216,0.6303,0.7077,0.0000
Leather,Base-B,medium,中等目标,134,0.8801,0.9335,0.9407,0.9270,0.0000
Leather,Base-B,large,大目标,67,0.6876,0.7147,0.7144,0.7151,0.0000
Leather,Base-B,elongated,细长缺陷,67,0.8531,0.9153,0.9175,0.9146,0.0000
Leather,Base-B,multi_defect,多缺陷,115,0.8739,0.9286,0.9326,0.9251,0.0000
Leather,Base-B,no_defect,无缺陷,200,0.1247,0.1248,0.1247,0.1250,0.0000
Leather,A2MS-DefectNet-B,small,小目标,67,0.4084,0.4903,0.6259,0.4575,
Leather,A2MS-DefectNet-B,medium,中等目标,134,0.8657,0.9227,0.9300,0.9174,
Leather,A2MS-DefectNet-B,large,大目标,67,0.6721,0.7019,0.6991,0.7053,
Leather,A2MS-DefectNet-B,elongated,细长缺陷,67,0.8334,0.8981,0.9048,0.8942,
Leather,A2MS-DefectNet-B,multi_defect,多缺陷,115,0.8586,0.9168,0.9221,0.9126,
Leather,A2MS-DefectNet-B,no_defect,无缺陷,200,0.1244,0.1247,0.1244,0.1250,
Leather,STDC1-Seg,small,小目标,67,0.4549,0.5401,0.5655,0.7150,
Leather,STDC1-Seg,medium,中等目标,134,0.8770,0.9312,0.9182,0.9459,
Leather,STDC1-Seg,large,大目标,67,0.6796,0.7088,0.6979,0.7220,
Leather,STDC1-Seg,elongated,细长缺陷,67,0.8469,0.9107,0.8905,0.9337,
Leather,STDC1-Seg,multi_defect,多缺陷,115,0.8705,0.9259,0.9103,0.9435,
Leather,STDC1-Seg,no_defect,无缺陷,200,0.1250,0.1250,0.1250,0.1250,
