row_type,dataset,model_name,class_id,class_name,iou,dice,precision,recall,miou,test_samples,includes_background,weight_path,model_file,model_entry,date,device
class,leather,STDC-Seg,0,background,0.992544,0.996258,0.995607,0.996910,,468,true,/workspace/Industrial Surface Defect/new (copy)/model_savePath/sdtdcnet_pige_stdc2_pige.pkl,/workspace/Industrial Surface Defect/new (copy)/stdc.py,"BiSeNet(backbone='STDCNet1446', n_classes=N, use_boundary_8=True)",2026-06-16 08:35:34,cuda
class,leather,STDC-Seg,1,open_wound,0.746916,0.855125,0.884729,0.827439,,468,true,/workspace/Industrial Surface Defect/new (copy)/model_savePath/sdtdcnet_pige_stdc2_pige.pkl,/workspace/Industrial Surface Defect/new (copy)/stdc.py,"BiSeNet(backbone='STDCNet1446', n_classes=N, use_boundary_8=True)",2026-06-16 08:35:34,cuda
class,leather,STDC-Seg,2,scratch,0.629960,0.772976,0.839279,0.716382,,468,true,/workspace/Industrial Surface Defect/new (copy)/model_savePath/sdtdcnet_pige_stdc2_pige.pkl,/workspace/Industrial Surface Defect/new (copy)/stdc.py,"BiSeNet(backbone='STDCNet1446', n_classes=N, use_boundary_8=True)",2026-06-16 08:35:34,cuda
class,leather,STDC-Seg,3,brand_mark,0.884325,0.938612,0.946974,0.930396,,468,true,/workspace/Industrial Surface Defect/new (copy)/model_savePath/sdtdcnet_pige_stdc2_pige.pkl,/workspace/Industrial Surface Defect/new (copy)/stdc.py,"BiSeNet(backbone='STDCNet1446', n_classes=N, use_boundary_8=True)",2026-06-16 08:35:34,cuda
class,leather,STDC-Seg,4,hole,0.987338,0.993629,0.993875,0.993382,,468,true,/workspace/Industrial Surface Defect/new (copy)/model_savePath/sdtdcnet_pige_stdc2_pige.pkl,/workspace/Industrial Surface Defect/new (copy)/stdc.py,"BiSeNet(backbone='STDCNet1446', n_classes=N, use_boundary_8=True)",2026-06-16 08:35:34,cuda
class,leather,STDC-Seg,5,skin_disease,0.952547,0.975697,0.983465,0.968051,,468,true,/workspace/Industrial Surface Defect/new (copy)/model_savePath/sdtdcnet_pige_stdc2_pige.pkl,/workspace/Industrial Surface Defect/new (copy)/stdc.py,"BiSeNet(backbone='STDCNet1446', n_classes=N, use_boundary_8=True)",2026-06-16 08:35:34,cuda
class,leather,STDC-Seg,6,rotten_surface,0.895466,0.944850,0.951582,0.938213,,468,true,/workspace/Industrial Surface Defect/new (copy)/model_savePath/sdtdcnet_pige_stdc2_pige.pkl,/workspace/Industrial Surface Defect/new (copy)/stdc.py,"BiSeNet(backbone='STDCNet1446', n_classes=N, use_boundary_8=True)",2026-06-16 08:35:34,cuda
class,leather,STDC-Seg,7,wart,0.970113,0.984830,0.985402,0.984259,,468,true,/workspace/Industrial Surface Defect/new (copy)/model_savePath/sdtdcnet_pige_stdc2_pige.pkl,/workspace/Industrial Surface Defect/new (copy)/stdc.py,"BiSeNet(backbone='STDCNet1446', n_classes=N, use_boundary_8=True)",2026-06-16 08:35:34,cuda
summary,leather,STDC-Seg,-1,mIoU,,,,,0.882401,468,true,/workspace/Industrial Surface Defect/new (copy)/model_savePath/sdtdcnet_pige_stdc2_pige.pkl,/workspace/Industrial Surface Defect/new (copy)/stdc.py,"BiSeNet(backbone='STDCNet1446', n_classes=N, use_boundary_8=True)",2026-06-16 08:35:34,cuda
metadata,leather,STDC-Seg,,confusion_matrix_json,"[[243950061, 50222, 86236, 330549, 52830, 68291, 11436, 156525], [79538, 385464, 0, 850, 0, 0, 0, 0], [178091, 0, 450897, 0, 0, 0, 0, 421], [444271, 0, 7, 5948066, 0, 0, 704, 0], [57108, 0, 0, 0, 8572451, 0, 0, 0], [134023, 0, 0, 26, 0, 4061700, 0, 0], [14042, 0, 36, 1635, 0, 0, 238595, 0], [169366, 0, 67, 0, 0, 0, 0, 10594124]]",,,,,468,true,/workspace/Industrial Surface Defect/new (copy)/model_savePath/sdtdcnet_pige_stdc2_pige.pkl,/workspace/Industrial Surface Defect/new (copy)/stdc.py,"BiSeNet(backbone='STDCNet1446', n_classes=N, use_boundary_8=True)",2026-06-16 08:35:34,cuda
